1,Michael,Osborn,1/6/1986,Canada
2,Christopher,Fowler,4/20/1973,Germany
3,Jessica,Watkins,4/20/1994,Canada
4,Matthew,Singh,8/24/1983,Georgia
5,Ashley,Tran,6/19/1971,Canada
6,Jennifer,Shaffer,9/14/1976,USA
7,Joshua,Vaughan,10/12/1994,Other
8,Amanda,Haley,12/23/1973,Germany
9,Daniel,Brady,12/3/1958,Other
10,David,Jennings,10/10/1980,Canada
11,James,Reeves,2/11/1992,UK
12,Robert,Arnold,2/15/1971,Other
13,John,Kaiser,11/16/1982,Spain
14,Joseph,Beard,6/5/1979,Canada
15,Andrew,Miles,12/14/1991,Spain
16,Ryan,Combs,9/5/1989,UK
17,Brandon,Barker,11/28/1970,USA
18,Jason,Mcknight,7/10/1977,Georgia
19,Justin,Powers,3/29/1951,Spain
20,Sarah,Howe,6/14/1977,Canada
21,William,Gibbs,8/10/1998,France
22,Jonathan,Hill,6/25/1995,Other
23,Stephanie,Clements,9/13/1991,Georgia
24,Brian,Pruitt,9/14/1979,Georgia
25,Nicole,Garrett,1/5/1954,UK
26,Nicholas,Velazquez,1/23/1979,Georgia
27,Anthony,Allison,2/10/1975,UK
28,Heather,Bender,3/30/1978,France
29,Eric,Bond,10/20/1993,USA
30,Elizabeth,Ellison,7/27/1965,Spain
31,Adam,Horn,10/8/1975,USA
32,Megan,Bolton,3/12/1998,UK
33,Melissa,Randolph,1/25/1979,Georgia
34,Kevin,Franklin,11/18/1962,Other
35,Steven,Tyler,11/30/1953,Other
36,Thomas,Dunn,8/14/1978,France
37,Timothy,Cook,9/21/1993,Spain
38,Christina,Conrad,5/24/1979,USA
39,Kyle,Velasquez,9/16/1959,Georgia
40,Rachel,Pena,4/1/1994,UK
41,Laura,Summers,3/27/1977,Germany
42,Lauren,Leonard,10/21/1998,UK
43,Amber,Stafford,10/24/1955,Canada
44,Brittany,Mcgee,5/22/1956,USA
45,Danielle,Dennis,3/9/1950,UK
46,Richard,Fowler,10/19/1994,Georgia
47,Kimberly,Hahn,1/22/1984,UK
48,Jeffrey,Duran,7/27/1976,Georgia
49,Amy,Whitaker,11/3/1951,Other
50,Crystal,Whitney,6/8/1954,USA
51,Michelle,Combs,7/5/1968,USA
52,Tiffany,Singleton,3/3/1979,France
53,Jeremy,Goodwin,6/1/1969,UK
54,Benjamin,Barnes,9/17/1974,Georgia
55,Mark,Russo,12/22/1980,Canada
56,Emily,Shah,1/1/1957,Germany
57,Aaron,Reilly,4/19/1984,Canada
58,Charles,Hill,5/29/1976,Other
59,Rebecca,Sanchez,11/22/1968,Georgia
60,Jacob,Frye,4/4/1983,Canada
61,Stephen,Hurst,8/27/1971,Other
62,Patrick,Klein,6/27/1999,Spain
63,Sean,Austin,3/16/1970,Canada
64,Erin,Montgomery,5/30/1972,USA
65,Zachary,Harvey,7/16/1986,UK
66,Jamie,Meza,9/20/1975,France
67,Kelly,Thomas,11/13/1998,USA
68,Samantha,Lambert,4/12/1992,Other
69,Nathan,Ellis,1/28/1980,UK
70,Sara,Giles,11/18/1965,Canada
71,Dustin,Martinez,4/29/1960,USA
72,Paul,Mcguire,8/25/1991,Germany
73,Angela,Stanton,4/25/1969,Germany
74,Tyler,Hardin,7/25/1971,Other
75,Scott,Campbell,4/29/1955,Georgia
76,Katherine,Cameron,5/9/1970,Canada
77,Andrea,Fry,6/30/1983,Spain
78,Gregory,Carney,7/12/1951,UK
79,Erica,Gilmore,12/8/1973,Spain
80,Mary,Cole,12/28/1963,USA
81,Travis,Bolton,10/16/1971,Georgia
82,Lisa,Goodwin,4/2/1981,Germany
83,Kenneth,Mcconnell,8/27/1954,UK
84,Bryan,Spence,6/24/1975,Georgia
85,Lindsey,Mays,10/6/1972,Georgia
86,Kristen,Bartlett,12/2/1968,USA
87,Jose,Horn,2/23/1978,Georgia
88,Alexander,Gould,1/16/1952,Canada
89,Jesse,Mccullough,5/20/1994,Other
90,Katie,Ashley,6/22/1974,Spain
91,Lindsay,Potts,3/10/1983,UK
92,Shannon,Carrillo,11/20/1961,Spain
93,Vanessa,Gray,1/7/1960,UK
94,Courtney,Mccullough,12/18/1978,Other
95,Christine,Chambers,10/22/1962,Germany
96,Alicia,Lewis,5/27/1956,Spain
97,Cody,Stokes,6/14/1994,UK
98,Allison,Robinson,5/26/1966,Other
99,Bradley,Harmon,7/25/1979,USA
100,Samuel,Poole,6/20/1955,Canada
101,Shawn,Sellers,7/21/1984,Germany
102,April,Simmons,1/30/1961,USA
103,Derek,Delgado,6/23/1964,France
104,Kathryn,Brandt,1/1/1955,UK
105,Kristin,Fitzgerald,6/22/1995,Other
106,Chad,Walton,12/29/1985,Georgia
107,Jenna,Bonilla,8/3/1967,UK
108,Tara,Charles,3/29/1999,Spain
109,Maria,Browning,8/27/1983,Canada
110,Krystal,Thomas,4/27/1960,Spain
111,Jared,Lloyd,8/14/1986,Canada
112,Anna,Irwin,5/25/1951,Spain
113,Edward,Davenport,5/24/1970,Other
114,Julie,Mcguire,9/30/1955,France
115,Peter,Wilson,1/6/1987,Canada
116,Holly,Arellano,7/26/1974,France
117,Marcus,Good,11/7/1979,Spain
118,Kristina,Brandt,10/20/1953,Other
119,Natalie,Boyer,3/6/1985,France
120,Jordan,Callahan,9/12/1991,Other
121,Victoria,Chan,9/24/1955,USA
122,Jacqueline,Benson,3/21/1962,Other
123,Corey,Glover,8/10/1996,Other
124,Keith,Walker,7/1/1963,Spain
125,Monica,Pugh,10/31/1998,Canada
126,Juan,Davila,6/8/1977,UK
127,Donald,Henderson,3/7/1994,France
128,Cassandra,May,8/27/1984,Canada
129,Meghan,Rangel,9/18/1971,UK
130,Joel,Rubio,5/2/1987,France
131,Shane,Braun,6/2/1978,Georgia
132,Phillip,Carrillo,11/15/1995,Georgia
133,Patricia,Sosa,8/23/1973,Georgia
134,Brett,Reynolds,4/29/1952,Germany
135,Ronald,Durham,3/4/1960,Georgia
136,Catherine,Bradley,7/7/1954,Germany
137,George,Massey,11/25/1956,Georgia
138,Antonio,Thomas,8/2/1950,Spain
139,Cynthia,Cruz,10/21/1994,Canada
140,Stacy,Coleman,1/29/1985,Canada
141,Kathleen,Nunez,10/30/1982,Germany
142,Raymond,Chan,4/10/1971,Germany
143,Carlos,Robbins,10/24/1972,France
144,Brandi,Parrish,10/30/1960,France
145,Douglas,Austin,8/19/1981,UK
146,Nathaniel,Mills,10/13/1987,Canada
147,Ian,Meyer,7/21/1968,Spain
148,Craig,Rhodes,4/16/1961,USA
149,Brandy,Valenzuela,1/17/1971,UK
150,Alex,Mccann,3/12/1975,Other
151,Valerie,Duarte,11/3/1970,Other
152,Veronica,Delgado,7/26/1994,France
153,Cory,Moss,8/11/1974,Georgia
154,Whitney,Fox,8/24/1965,USA
155,Gary,Stephens,11/4/1956,Spain
156,Derrick,Cooke,5/7/1976,Spain
157,Philip,Beltran,4/29/1956,Germany
158,Luis,Raymond,11/9/1970,Georgia
159,Diana,Navarro,4/26/1982,Other
160,Chelsea,Herman,11/1/1963,Spain
161,Leslie,Murray,9/15/1989,Spain
162,Caitlin,Shepard,9/2/1964,Other
163,Leah,Moyer,2/4/1968,Spain
164,Natasha,Ross,4/11/1985,Germany
165,Erika,Kidd,11/9/1993,Canada
166,Casey,Huffman,12/30/1965,Other
167,Latoya,Lindsey,3/9/1963,Spain
168,Erik,Roth,9/16/1993,Canada
169,Dana,Fowler,2/7/1954,UK
170,Victor,Meadows,10/7/1977,Spain
171,Brent,Bradford,10/30/1963,Canada
172,Dominique,Zavala,8/21/1961,USA
173,Frank,Burnett,10/25/1994,USA
174,Brittney,Sexton,4/23/1966,Canada
175,Evan,Moon,11/20/1960,Georgia
176,Gabriel,Lam,4/24/1981,USA
177,Julia,Medina,9/8/1991,USA
178,Candice,Reed,2/8/1953,UK
179,Karen,Shepard,8/4/1954,UK
180,Melanie,Molina,3/15/1978,France
181,Adrian,Pearson,2/4/1982,Georgia
182,Stacey,Martinez,1/12/1975,USA
183,Margaret,Byrd,7/16/1950,Canada
184,Sheena,Vaughan,12/4/1975,France
185,Wesley,Hobbs,1/11/1991,UK
186,Vincent,Dyer,3/19/1974,Other
187,Alexandra,Pena,12/11/1979,Canada
188,Katrina,Shannon,11/23/1991,Germany
189,Bethany,Patel,8/17/1984,USA
190,Nichole,Heath,3/31/1986,Georgia
191,Larry,Barton,11/19/1981,Georgia
192,Jeffery,Austin,4/6/1979,USA
193,Curtis,Frost,6/21/1969,Germany
194,Carrie,Beard,12/7/1960,France
195,Todd,Brennan,6/8/1988,UK
196,Blake,Aguilar,9/13/1962,Germany
197,Christian,Morton,7/9/1979,Spain
198,Randy,Peterson,10/3/1958,USA
199,Dennis,Hayes,9/15/1963,USA
200,Alison,Strong,4/8/1971,Spain
201,Trevor,Coleman,3/24/1996,Canada
202,Seth,Dunn,9/23/1975,UK
203,Kara,Gibson,10/24/1981,Spain
204,Joanna,Donovan,9/12/1957,Georgia
205,Rachael,Arroyo,3/28/1993,UK
206,Luke,Carson,9/14/1965,USA
207,Felicia,Haynes,7/28/1979,Germany
208,Brooke,Diaz,1/3/1956,USA
209,Austin,Werner,3/14/1995,Spain
210,Candace,Mejia,1/23/1984,France
211,Jasmine,Caldwell,6/7/1980,Canada
212,Jesus,Donovan,2/9/1971,Georgia
213,Alan,Newton,6/9/1968,UK
214,Susan,Everett,4/21/1963,France
215,Sandra,Griffith,8/9/1983,Canada
216,Tracy,Noble,7/5/1996,USA
217,Kayla,Espinoza,7/29/1982,Germany
218,Nancy,Travis,9/8/1996,UK
219,Tina,Rivas,11/18/1991,Germany
220,Krystle,Lambert,5/3/1991,Spain
221,Russell,Hodge,1/10/1962,UK
222,Jeremiah,Rangel,6/1/1965,USA
223,Carl,Contreras,8/21/1997,Canada
224,Miguel,Shaw,7/27/1996,Canada
225,Tony,Ward,2/25/1960,Germany
226,Alexis,Blake,10/4/1980,Spain
227,Gina,Hines,3/6/1968,USA
228,Jillian,Mcdowell,1/7/1984,Canada
229,Pamela,Hampton,8/2/1968,Georgia
230,Mitchell,Francis,10/20/1987,Germany
231,Hannah,Mcneil,7/25/1962,USA
232,Renee,Medina,11/15/1998,Georgia
233,Denise,Goodman,10/10/1977,Other
234,Molly,Stewart,2/12/1987,Spain
235,Jerry,Wright,2/27/1976,Georgia
236,Misty,Leach,11/6/1977,Other
237,Mario,David,3/18/1999,Spain
238,Johnathan,Galloway,9/22/1994,Georgia
239,Jaclyn,Frazier,2/18/1960,Canada
240,Brenda,Foster,4/27/1976,Germany
241,Terry,Glenn,12/6/1993,Other
242,Lacey,Cain,1/15/1961,Georgia
243,Shaun,Benitez,6/28/1996,Canada
244,Devin,Bauer,7/6/1951,USA
245,Heidi,Pope,9/5/1991,Georgia
246,Troy,Hammond,12/21/1950,Other
247,Lucas,Copeland,8/15/1957,Other
248,Desiree,Parks,2/18/1960,Other
249,Jorge,Buckley,11/19/1957,Germany
250,Andre,Hawkins,1/26/1988,Germany
251,Morgan,Gibson,10/21/1987,Canada
252,Drew,Payne,1/14/1991,USA
253,Sabrina,Sims,4/5/1988,Spain
254,Miranda,Marks,9/13/1989,France
255,Alyssa,Cummings,4/27/1997,UK
256,Alisha,Blair,11/26/1958,USA
257,Teresa,Weber,9/9/1995,Canada
258,Johnny,Lambert,10/5/1977,France
259,Meagan,Houston,10/24/1973,Canada
260,Allen,Horne,4/20/1990,USA
261,Krista,Garza,3/19/1976,USA
262,Marc,Odom,5/26/1994,Georgia
263,Tabitha,Horton,10/18/1996,Germany
264,Lance,Houston,6/13/1965,Georgia
265,Ricardo,Fox,1/6/1986,Spain
266,Martin,Richards,1/30/1966,USA
267,Chase,Steele,11/7/1981,Other
268,Theresa,Gonzales,8/10/1994,Spain
269,Melinda,Moreno,10/13/1967,Canada
270,Monique,Robbins,3/29/1984,Germany
271,Tanya,Mann,10/15/1997,Georgia
272,Linda,Erickson,2/1/1968,Other
273,Kristopher,Wiley,7/8/1962,Other
274,Bobby,Brock,2/1/1973,Spain
275,Caleb,Wagner,11/5/1979,Other
276,Ashlee,Oneal,2/27/1973,Germany
277,Kelli,Potts,2/14/1993,France
278,Henry,Klein,9/22/1976,France
279,Garrett,Watkins,12/19/1975,Spain
280,Mallory,Preston,12/19/1969,France
281,Jill,Gallagher,5/17/1973,Germany
282,Jonathon,Summers,7/15/1993,UK
283,Kristy,Bowen,6/20/1969,Georgia
284,Anne,Keith,5/11/1966,USA
285,Francisco,Vazquez,7/22/1999,Spain
286,Danny,Cobb,3/7/1998,USA
287,Robin,Woodard,5/11/1968,Germany
288,Lee,Long,6/7/1975,Canada
289,Tamara,Shields,1/7/1953,France
290,Manuel,Blankenship,1/22/1971,Other
291,Meredith,Clark,10/17/1967,Georgia
292,Colleen,Liu,12/31/1992,UK
293,Lawrence,Strickland,3/15/1962,Other
294,Christy,Perez,9/3/1985,Canada
295,Ricky,Hopkins,10/2/1974,Spain
296,Randall,Leblanc,5/19/1963,USA
297,Marissa,Singleton,9/26/1989,Spain
298,Ross,Sweeney,8/16/1965,USA
299,Mathew,Knox,12/8/1975,Georgia
300,Jimmy,Calderon,5/30/1983,Germany
301,Abigail,Yu,7/28/1991,USA
302,Kendra,Horn,12/15/1962,Other
303,Carolyn,Baker,10/20/1966,Georgia
304,Billy,Brady,6/23/1971,Canada
305,Deanna,Malone,6/11/1987,Canada
306,Jenny,Simpson,11/14/1973,UK
307,Jon,Suarez,8/17/1985,Germany
308,Albert,Gilmore,12/10/1977,Canada
309,Taylor,Gomez,6/11/1961,Georgia
310,Lori,Nichols,12/18/1968,Canada
311,Rebekah,Norton,2/20/1963,Germany
312,Cameron,Heath,7/12/1974,Spain
313,Ebony,Cummings,12/4/1966,USA
314,Wendy,Sims,7/27/1967,Germany
315,Angel,York,11/13/1966,USA
316,Micheal,Mercer,10/14/1957,USA
317,Kristi,James,1/29/1956,Other
318,Caroline,Boyle,7/16/1988,UK
319,Colin,Benitez,9/22/1960,USA
320,Dawn,Pugh,6/5/1987,Spain
321,Kari,Dean,6/27/1980,Germany
322,Clayton,Rogers,1/13/1962,Spain
323,Arthur,Krueger,2/1/1988,UK
324,Roger,Sellers,4/26/1978,Spain
325,Roberto,Chang,1/24/1971,Georgia
326,Priscilla,Lee,10/14/1992,Georgia
327,Darren,Gamble,9/28/1968,Georgia
328,Kelsey,Robinson,1/30/1959,Georgia
329,Clinton,Johnson,10/14/1962,Georgia
330,Walter,Padilla,5/9/1999,Spain
331,Louis,Rogers,10/1/1965,Other
332,Barbara,Chan,1/3/1987,Spain
333,Isaac,Buck,5/4/1956,USA
334,Cassie,Padilla,6/25/1950,USA
335,Grant,Ayala,9/11/1961,France
336,Cristina,Lucas,3/18/1962,Canada
337,Tonya,Glover,7/6/1953,Georgia
338,Rodney,Mann,6/29/1975,Georgia
339,Bridget,Hinton,5/17/1988,Georgia
340,Joe,Jefferson,12/7/1959,Spain
341,Cindy,Kim,12/13/1986,Other
342,Oscar,Larsen,9/20/1988,Other
343,Willie,Ibarra,5/2/1996,UK
344,Maurice,Lin,12/17/1983,Georgia
345,Jaime,Pierce,4/5/1996,Germany
346,Angelica,Carroll,6/29/1989,Germany
347,Sharon,Ryan,10/2/1976,Georgia
348,Julian,Harris,12/24/1969,Georgia
349,Jack,Hooper,9/13/1997,Georgia
350,Jay,Zhang,11/9/1971,USA
351,Calvin,West,2/10/1984,USA
352,Marie,Luna,10/27/1960,France
353,Hector,Barr,8/25/1989,Other
354,Kate,Hatfield,5/31/1988,USA
355,Adrienne,Stark,1/26/1967,Other
356,Tasha,Turner,2/18/1988,France
357,Michele,Roman,3/15/1953,Spain
358,Ana,Barnett,8/10/1996,Other
359,Stefanie,Escobar,10/15/1992,Georgia
360,Cara,May,10/23/1976,Other
361,Alejandro,Christensen,5/24/1999,Georgia
362,Ruben,Campbell,10/10/1953,Canada
363,Gerald,Whitaker,1/13/1979,Other
364,Audrey,Yu,9/2/1968,Georgia
365,Kristine,Monroe,3/18/1967,Other
366,Ann,Wells,12/20/1971,France
367,Shana,Ayers,6/17/1994,Germany
368,Javier,Fitzpatrick,2/22/1951,France
369,Katelyn,Stephens,4/26/1966,Spain
370,Brianna,Howe,8/17/1960,USA
371,Bruce,Peters,9/4/1960,UK
372,Deborah,Farrell,4/18/1957,Other
373,Claudia,Mcdonald,8/30/1983,Canada
374,Carla,Joseph,10/15/1995,Other
375,Wayne,Tate,3/20/1956,Canada
376,Roy,Coleman,7/15/1987,USA
377,Virginia,Buckley,10/21/1962,USA
378,Haley,Keith,9/26/1979,UK
379,Brendan,Mckay,9/13/1995,Other
380,Janelle,Parsons,10/9/1986,Georgia
381,Jacquelyn,Hutchinson,10/3/1966,Germany
382,Beth,Dawson,3/12/1983,Germany
383,Edwin,Morse,9/2/1984,UK
384,Dylan,Crawford,6/30/1996,Other
385,Dominic,Zimmerman,11/18/1969,Georgia
386,Latasha,Dodson,12/25/1971,Other
387,Darrell,Walsh,5/5/1998,Germany
388,Geoffrey,Hays,9/15/1983,Georgia
389,Savannah,Estes,2/14/1984,Canada
390,Reginald,Atkins,8/3/1997,France
391,Carly,Cabrera,2/19/1974,Germany
392,Fernando,Fields,4/3/1972,France
393,Ashleigh,Sheppard,4/16/1997,USA
394,Aimee,Oneill,11/17/1965,Canada
395,Regina,Moran,1/6/1996,France
396,Mandy,Burke,9/11/1977,UK
397,Sergio,Molina,12/15/1988,Canada
398,Rafael,Holloway,9/24/1963,Germany
399,Pedro,Carroll,6/6/1978,France
400,Janet,Tran,8/1/1958,Georgia
401,Kaitlin,Stuart,3/11/1955,Spain
402,Frederick,English,8/15/1994,Germany
403,Cheryl,Parrish,11/21/1985,USA
404,Autumn,Ramos,2/7/1972,Canada
405,Tyrone,Sanford,1/14/1997,Spain
406,Martha,Lutz,2/29/1972,Canada
407,Omar,Galvan,8/28/1965,Georgia
408,Lydia,Keith,10/13/1997,Georgia
409,Jerome,Romero,1/8/1976,Germany
410,Theodore,Hughes,2/2/1958,Georgia
411,Abby,Levy,6/17/1970,Canada
412,Neil,Pruitt,6/16/1990,USA
413,Shawna,Erickson,10/5/1952,Germany
414,Sierra,Woodard,5/7/1985,Georgia
415,Nina,Rosario,8/13/1980,Georgia
416,Tammy,Todd,6/6/1986,Spain
417,Nikki,Pruitt,2/22/1954,Canada
418,Terrance,Hickman,5/11/1965,Other
419,Donna,Trujillo,11/11/1952,USA
420,Claire,Wolf,3/14/1968,Germany
421,Cole,Browning,12/6/1958,Spain
422,Trisha,Durham,10/16/1988,USA
423,Bonnie,Duncan,4/11/1953,France
424,Diane,Roy,12/26/1982,France
425,Summer,Ferrell,11/10/1985,Canada
426,Carmen,Villanueva,5/30/1973,UK
427,Mayra,Snyder,10/30/1959,Other
428,Jermaine,Bates,3/27/1956,Georgia
429,Eddie,Rose,8/7/1978,USA
430,Micah,Chandler,1/7/1969,Spain
431,Marvin,Barrera,11/22/1977,Spain
432,Levi,Medina,5/11/1971,France
433,Emmanuel,Higgins,8/12/1978,Spain
434,Brad,Krause,7/4/1970,Spain
435,Taryn,Mcneil,8/7/1980,Canada
436,Toni,Mcfarland,4/15/1960,Canada
437,Jessie,Khan,12/7/1997,Spain
438,Evelyn,Malone,7/15/1950,Georgia
439,Darryl,Stark,9/1/1957,Germany
440,Ronnie,Mccall,7/16/1989,Spain
441,Joy,Sexton,6/30/1996,USA
442,Adriana,Payne,12/24/1994,USA
443,Ruth,Hopkins,12/19/1975,Canada
444,Mindy,Orr,9/21/1954,USA
445,Spencer,Roman,12/14/1993,France
446,Noah,Casey,4/23/1961,Spain
447,Raul,Chen,9/27/1989,USA
448,Suzanne,Ford,3/17/1979,France
449,Sophia,Hogan,11/7/1983,USA
450,Dale,Solis,4/5/1993,France
451,Jodi,Casey,4/26/1963,Germany
452,Christie,Chavez,6/6/1959,Georgia
453,Raquel,Sandoval,12/26/1953,Germany
454,Naomi,Graves,4/17/1985,Other
455,Kellie,Rollins,5/27/1973,Germany
456,Ernest,Boyle,8/8/1989,UK
457,Jake,Kramer,10/20/1988,Canada
458,Grace,Dodson,1/18/1987,Georgia
459,Tristan,Riddle,9/13/1969,France
460,Shanna,Miller,7/24/1953,USA
461,Hilary,Holden,4/14/1980,Germany
462,Eduardo,Hendricks,7/15/1969,USA
463,Ivan,Daugherty,7/24/1989,Germany
464,Hillary,Vasquez,7/13/1981,Spain
465,Yolanda,Glover,2/25/1994,France
466,Alberto,Torres,8/7/1977,Canada
467,Andres,Jarvis,5/4/1975,Georgia
468,Olivia,Mendez,1/7/1985,Canada
469,Armando,Dennis,10/28/1954,Germany
470,Paula,Ayers,3/7/1980,Germany
471,Amelia,Terrell,6/5/1971,Canada
472,Sheila,Gibson,3/21/1974,Other
473,Rosa,Best,7/8/1976,Spain
474,Robyn,Ibarra,9/19/1971,Germany
475,Kurt,Oliver,11/29/1969,France
476,Dane,Malone,11/2/1972,USA
477,Glenn,Mccarty,7/30/1992,France
478,Nicolas,Bowen,9/15/1962,France
479,Gloria,Hawkins,12/13/1962,Germany
480,Eugene,Gomez,4/29/1966,Georgia
481,Logan,Patton,2/21/1985,UK
482,Steve,Sandoval,10/4/1989,Germany
483,Ramon,Mueller,5/15/1973,USA
484,Bryce,Hays,12/20/1974,Other
485,Tommy,Sanford,4/21/1964,Canada
486,Preston,Woodward,10/27/1953,France
487,Keri,Dudley,8/26/1994,USA
488,Devon,Meadows,7/13/1973,Canada
489,Alana,Cortez,12/24/1997,USA
490,Marisa,Andrews,7/9/1972,UK
491,Melody,Blevins,7/23/1971,Germany
492,Rose,Schroeder,12/2/1987,Other
493,Barry,Schmitt,10/17/1955,Spain
494,Marco,Knox,8/31/1988,France
495,Karl,Mckee,3/21/1989,UK
496,Daisy,Galvan,7/13/1976,Other
497,Leonard,Pineda,11/25/1977,UK
498,Randi,Dean,2/6/1983,Georgia
499,Maggie,Hudson,10/24/1981,France
500,Charlotte,Daniel,6/27/1959,France
501,Emma,Reynolds,6/11/1988,Canada
502,Terrence,Mclean,3/7/1996,Georgia
503,Justine,Parrish,4/14/1968,Other
504,Britney,Miranda,3/30/1965,France
505,Lacy,Harrell,5/15/1970,UK
506,Jeanette,Chandler,2/14/1999,Georgia
507,Francis,Hayes,6/29/1951,Other
508,Tyson,Rangel,1/29/1983,Georgia
509,Elise,Arnold,3/21/1972,Canada
510,Sylvia,Adams,4/29/1990,Other
511,Rachelle,Daugherty,1/25/1967,USA
512,Stanley,Mayo,5/31/1960,Canada
513,Debra,Calhoun,10/18/1956,Spain
514,Brady,Silva,12/31/1950,Germany
515,Charity,Wilcox,8/7/1963,Georgia
516,Hope,Finley,4/29/1999,USA
517,Melvin,Ayala,9/21/1952,Canada
518,Johanna,Moran,7/6/1995,Germany
519,Karla,Duffy,3/19/1961,USA
520,Jarrod,Huber,7/27/1974,Canada
521,Charlene,Booker,10/5/1985,Germany
522,Gabrielle,Ray,6/2/1961,Other
523,Cesar,Haas,12/6/1985,Spain
524,Clifford,Bray,11/17/1950,Canada
525,Byron,Love,2/20/1999,France
526,Terrell,Brown,2/16/1971,Other
527,Sonia,Chaney,8/5/1967,Canada
528,Julio,Gross,5/31/1960,Spain
529,Stacie,Stanton,12/21/1974,Other
530,Shelby,Bird,6/28/1981,Canada
531,Shelly,Chandler,6/26/1965,Georgia
532,Edgar,Morales,10/28/1976,Spain
533,Roxanne,Stone,11/15/1971,Canada
534,Dwayne,Larsen,11/1/1964,France
535,Kaitlyn,Thornton,12/29/1981,Other
536,Kasey,Irwin,4/24/1975,France
537,Jocelyn,Kemp,11/10/1984,Canada
538,Alexandria,Horton,6/14/1969,Canada
539,Harold,Preston,8/1/1991,Spain
540,Esther,Fritz,7/15/1955,France
541,Kerri,Frazier,5/3/1960,Canada
542,Ellen,Petersen,6/6/1955,UK
543,Abraham,Yoder,7/28/1980,UK
544,Cedric,Russell,10/17/1961,Georgia
545,Carol,Ortiz,9/27/1993,Spain
546,Katharine,Walter,1/10/1984,Georgia
547,Shauna,Melendez,2/9/1966,Other
548,Frances,Finley,4/25/1968,USA
549,Antoine,Durham,12/15/1970,Georgia
550,Tabatha,Moreno,8/13/1986,Canada
551,Annie,Fields,1/1/1956,Canada
552,Erick,Reyes,3/12/1965,Spain
553,Alissa,Oneal,5/6/1997,Canada
554,Sherry,Roach,4/28/1987,Germany
555,Chelsey,Richard,5/17/1996,Other
556,Franklin,Dalton,5/11/1982,Canada
557,Branden,Gardner,7/17/1981,Georgia
558,Helen,Burch,5/24/1990,Germany
559,Traci,Ward,1/23/1992,UK
560,Lorenzo,Wallace,12/18/1977,Canada
561,Dean,Mayo,11/10/1977,Spain
562,Sonya,Atkins,4/19/1987,USA
563,Briana,Nichols,2/5/1993,Canada
564,Angelina,Pruitt,4/1/1976,Other
565,Trista,Ortega,6/16/1991,Spain
566,Bianca,Farmer,9/25/1993,Spain
567,Leticia,Downs,8/7/1962,UK
568,Tia,Mayo,11/2/1981,France
569,Kristie,Parks,7/13/1969,Germany
570,Stuart,Bates,5/13/1993,Other
571,Laurie,Hammond,3/2/1969,Spain
572,Harry,Prince,2/3/1992,USA
573,Leigh,Banks,10/28/1971,Canada
574,Elisabeth,Henry,1/25/1994,Georgia
575,Alfredo,Jennings,10/14/1969,Spain
576,Aubrey,Cordova,5/26/1975,Other
577,Ray,Ellis,3/30/1953,France
578,Arturo,Atkins,11/29/1994,Canada
579,Joey,Rosario,5/29/1981,Canada
580,Kelley,Krueger,2/25/1982,UK
581,Max,Erickson,11/28/1984,USA
582,Andy,Blankenship,11/30/1965,Canada
583,Latisha,Cisneros,10/4/1957,Canada
584,Johnathon,Williams,2/24/1953,Georgia
585,India,Buck,5/9/1968,France
586,Eva,Stanton,8/2/1992,Georgia
587,Ralph,Mckay,5/6/1995,Georgia
588,Yvonne,Tran,8/25/1975,USA
589,Warren,Glass,3/31/1953,USA
590,Kirsten,Key,4/30/1983,France
591,Miriam,Robinson,10/13/1951,France
592,Kelvin,Padilla,1/13/1964,Canada
593,Lorena,Hickman,10/8/1981,Canada
594,Staci,Thomas,5/23/1962,Other
595,Anita,Mckinney,4/16/1950,Other
596,Rene,Maddox,5/27/1964,UK
597,Cortney,Hurst,4/10/1995,France
598,Orlando,Herrera,3/16/1956,Other
599,Carissa,Malone,10/13/1958,Germany
600,Jade,Mcgrath,7/2/1983,USA
601,Camille,Gilmore,11/22/1986,Georgia
602,Leon,Coffey,8/25/1996,Georgia
603,Paige,Parker,12/26/1959,UK
604,Marcos,Kerr,8/14/1985,Spain
605,Elena,Anderson,3/25/1951,Spain
606,Brianne,Shelton,8/17/1983,USA
607,Dorothy,Landry,6/28/1984,Spain
608,Marshall,Garza,2/26/1951,Canada
609,Daryl,Sweeney,12/21/1990,Canada
610,Colby,Shaffer,9/23/1985,France
611,Ivie,Conroy,10/5/1975,Other
612,Ebonie,Shields,9/20/1997,Georgia
613,Thierry,Osborne,4/18/1953,Canada
614,Santino,Carter,8/25/1976,France
615,Farah,Howells,11/7/1986,USA
616,Lex,Guthrie,11/8/1989,USA
617,Aran,Summers,8/15/1977,France
618,Ffion,Levine,1/23/1959,Canada
619,Kuba,Sierra,11/14/1978,Canada
620,Stephen,Seymour,4/2/1960,Other
621,Can,Shelton,10/15/1958,Spain
622,Naima,Rodgers,11/16/1976,Other
623,Heena,Mclaughlin,4/2/1988,Germany
624,Kieron,Pham,5/4/1959,Germany
625,Nahla,Branch,3/7/1979,USA
626,Priya,Saunders,3/27/1996,UK
627,Mateusz,Bevan,10/16/1956,USA
628,Ellena,Oneil,11/14/1960,Georgia
629,Darnell,Crawford,7/1/1996,UK
630,Philippa,Whitehouse,3/15/1983,Georgia
631,Teagan,Hilton,1/2/1964,Georgia
632,Elicia,Butler,11/1/1985,Spain
633,Alessia,Slater,4/7/1991,Spain
634,Carly,Ewing,10/10/1964,Germany
635,Eloisa,Browne,1/19/1970,USA
636,Jakub,Schaefer,11/14/1967,Other
637,Rachael,Peterson,1/6/1960,UK
638,Skyla,Haley,10/18/1992,Germany
639,Leila,Bowes,4/6/1974,USA
640,Avery,Bowler,3/17/1956,Georgia
641,Mea,Mata,6/3/1955,Germany
642,Maha,Wilcox,12/3/1985,Germany
643,Enzo,Bean,7/19/1980,France
644,Tara,Burt,10/13/1992,Other
645,Odin,Livingston,5/2/1950,USA
646,Annalise,Benson,4/15/1990,Spain
647,Tierney,Le,7/15/1993,Spain
648,Samanta,Flower,10/25/1952,Germany
649,Elowen,Lamb,4/4/1982,France
650,Aniela,Kirk,5/5/1991,France
651,Etienne,Croft,7/25/1985,Georgia
652,Arnie,Bray,7/29/1964,Germany
653,Emer,Boone,4/7/1995,USA
654,Dahlia,Burks,7/24/1955,Spain
655,Leigh,Rigby,11/3/1977,UK
656,Ember,Fields,3/2/1977,Germany
657,Samara,Chase,8/24/1950,Canada
658,Pearl,Cardenas,12/23/1994,UK
659,Leonidas,Dunn,9/29/1973,Germany
660,Daisy-May,Webster,4/7/1978,France
661,Rachelle,Graves,8/1/1965,Canada
662,Gruffydd,Storey,5/27/1998,France
663,Alanah,Bourne,3/26/1954,Canada
664,Billie-Jo,Bowen,6/6/1997,France
665,Fintan,Torres,3/22/1994,USA
666,Halima,Whittaker,7/2/1976,Canada
667,Kareem,Pope,8/3/1961,Other
668,Keira,Osborn,8/10/1971,Germany
669,Brendon,Brook,3/8/1999,USA
670,Diane,Ruiz,4/19/1982,UK
671,Anas,Ingram,10/29/1954,France
672,Giuseppe,Page,11/5/1967,France
673,Gordon,Easton,8/1/1978,UK
674,Teodor,Corona,3/12/1952,Georgia
675,Isra,Levy,12/16/1983,Canada
676,Abdur,Hendricks,12/25/1980,UK
677,Greta,Mcphee,4/13/1956,Spain
678,Marguerite,Lawson,3/9/1972,UK
679,Gary,Robles,10/11/1967,UK
680,Mehmet,Nichols,8/4/1975,Other
681,Neriah,Pickett,8/18/1979,USA
682,Alissia,Wagner,9/16/1969,Canada
683,Jun,Gordon,3/12/1966,Spain
684,Zoya,Reader,6/18/1966,USA
685,Aaryan,Edwards,4/27/1997,Other
686,Jaimee,Melendez,6/11/1987,Other
687,Dario,Maldonado,8/22/1974,USA
688,Rima,Couch,1/4/1959,UK
689,Roxie,Farrington,4/25/1959,Other
690,Teri,Dominguez,3/30/1976,Spain
691,Alaya,Rasmussen,6/13/1954,Spain
692,Jett,Jaramillo,1/23/1989,Germany
693,Ezra,Major,7/21/1966,Georgia
694,Hajrah,Carr,5/31/1961,USA
695,Rosemarie,Montgomery,2/6/1956,Germany
696,Izabelle,Hamer,11/10/1963,Other
697,Macsen,Justice,6/30/1958,Georgia
698,Clarence,Murphy,1/6/1993,USA
699,Tulisa,Milne,2/20/1978,USA
700,Reggie,Weber,7/13/1982,UK
701,Yunus,Blanchard,3/23/1950,France
702,Ryan,Shaw,2/27/1950,Other
703,Sharmin,Daniels,2/19/1972,France
704,Barbara,East,8/28/1977,Other
705,Zakary,Hough,7/30/1970,Georgia
706,Lucinda,Greene,12/11/1958,France
707,Abraham,Merrill,9/25/1969,Germany
708,Harris,Salt,10/26/1981,Other
709,Eve,Freeman,11/5/1959,Spain
710,Dawood,Vaughn,10/27/1976,Canada
